ID,Job Titles,Company Names,Locations,Skills
0,Data Analyst,Alarabia Group -,"Cairo, Egypt",Full TimeOn-siteExperienced · 3 - 5 Yrs of Exp · IT/Software Development · Analyst/Research · Sales/Retail · business · Computer Science · Analysis · Computer Skills · Data Analysis · Information Technology (IT) · Sales
1,Senior Data Analyst,Al Ahly Medical Company -,"Giza, Giza, Egypt",Full TimeOn-siteExperienced · 3 - 5 Yrs of Exp · Analyst/Research · Analysis · analytical · Analytical Thinking · Computer Science · Data Analysis · Information Technology (IT) · excel
2,Senior Data Analyst & Machine Learning Specialist (Full time Remote),HIGHBASE TRADING W.L.L -,"Cairo, Egypt",Full TimeRemoteExperienced · 3 - 5 Yrs of Exp · IT/Software Development · Analyst/Research · Data Analysis · Data Science · Machine Learning · Tableau · Analysis · Computer Science · Information Technology (IT) · MySQL
3,Data Analyst,Mobility Pro DMCC -,"Azarita, Alexandria, Egypt",Full TimeOn-siteExperienced · 2 - 5 Yrs of Exp · IT/Software Development · Analyst/Research · Data Analysis · Data Science · Microsoft Excel · Power BI · SQL · Python · Statistics · Machine Learning
4,Junior Data Analyst,Decorative Glass And Arab Union Glass Group -,"Obour City, Cairo, Egypt",Full TimeOn-siteEntry Level · 1 - 2 Yrs of Exp · Logistics/Supply Chain · Analyst · Analysis · excel · Logistics · MS Office · Procurement · Supply Chain
5,Data Analyst,Fiat partners  -,"Los Angeles, United States",Part TimeRemoteExperienced · 2+ Yrs of Exp · IT/Software Development · Operations/Management · Analyst/Research · ringba · English · excel · Management · Data · Data Analysis · Data Science
6,Software Business Analyst,Confidential -,"Cairo, Egypt",Full TimeOn-siteExperienced · 3 - 6 Yrs of Exp · IT/Software Development · Analyst/Research · Engineering - Telecom/Technology · Analysis · business · Business Analysis · Communication skills · Computer Science · Data · Information Technology (IT)
7,Distribution Center Sales Analyst,Beyti - an Almarai Subsidiary  -,"Katameya, Cairo, Egypt",Full TimeOn-siteEntry Level · 1 - 3 Yrs of Exp · Sales/Retail · FMCG · Sales · Sales Analysis · Data Analytics
8,Business Analyst,GCSSD -,"Heliopolis, Cairo, Egypt",Full TimeOn-siteExperienced · 1 - 2 Yrs of Exp · IT/Software Development · Analyst/Research · Engineering - Telecom/Technology · System Analysis · Writing System · ERP · Data Warehouse · SDLC · Information Technology (IT) · Business Analysis
9,Data Analyst Specialist,Elsaba AutoService -,"Katameya, Cairo, Egypt",Full TimeOn-siteExperienced · 2 - 4 Yrs of Exp · Analyst/Research · Analysis · BI · Data Analysis · Power BI · Statistics · SQL · Statistical Analysis
10,Pricing Analyst,3Sixty -,"Cairo, Egypt",Full TimeHybridExperienced · 4 - 6 Yrs of Exp · Accounting/Finance · Business Development · Analyst/Research · Accounting · Commercial · Finance · Microsoft Office · Pricing · Analyst · Business Administration
11,Reinsurance Analyst – Actuarial,Chubb life Insurance -,"Katameya, Cairo, Egypt",Full TimeOn-siteExperienced · 1 - 2 Yrs of Exp · Analyst/Research · actuarial science · Analyst · Actuarial · Mathematics · Insurance
12,Commercial Excellence Sales Analyst ( SAP & Power Bi user ),Infinity Clinic Pharma -,"Nasr City, Cairo, Egypt",Full TimeOn-siteExperienced · 3+ Yrs of Exp · Business Development · Analyst/Research · Sales/Retail · Analysis · Analyst · BI · Business Analyst · Power BI · Sales Analyst · Commercial
13,Reporting and Business Analyst,Chubb life Insurance -,"Katameya, Cairo, Egypt",Full TimeOn-siteExperienced · 2 - 5 Yrs of Exp · Analyst/Research · Analysis · business · Business Analysis · Data Analysis · SQL · Project Management
14,Business Analyst,Nano Health Technology   -,"Cairo, Egypt",Full TimeOn-siteExperienced · 2 - 4 Yrs of Exp · IT/Software Development · Medical/Healthcare · System analyst · Business Analyst · IT Service Management · Information Technology (IT) · Analysis · Testing · Computer Science · Development
15,Financial Analyst,Etqan Consultancy -,"Cairo, Egypt",Full TimeOn-siteExperienced · 3 - 5 Yrs of Exp · Accounting/Finance · Analyst/Research · Accounting · Budgeting · Commerce · Corporate Finance · Economics · Finance · Financial Analysis · MS Office
16,Financial Analyst Section Head,Kasrawy Group -,"Abu Rawash, Giza, Egypt",Full TimeOn-siteExperienced · 5 - 7 Yrs of Exp · males_preferred · Accounting/Finance · Analyst/Research · Analysis · Accounting · Financial Analysis · Finance · Financial Management
17,Financial Analyst,Capi Foods -,"Obour City, Cairo, Egypt",Full TimeOn-siteExperienced · 2 - 5 Yrs of Exp · Accounting/Finance · Manufacturing/Production · Analyst/Research · Accounting · Communication · MS Office · Financial · Financial Analysis · FMCG · Reporting
18,Supply Chain Financial Planning Analyst,Beyti - an Almarai Subsidiary  -,"Alexandria, Egypt",Full TimeOn-siteEntry Level · 1 - 3 Yrs of Exp · Accounting/Finance · Finance · Manufacturing
19,Supply Chain Analyst,Eviva -,"East New York, United States",Full TimeRemoteExperienced · 1 - 4 Yrs of Exp · Logistics/Supply Chain · Purchasing/Procurement · Logistics · Procurement · Supply · Supply Chain
20,Senior Accounting Analyst,Confidential -,"Fayoum, Fayoum, Egypt",Full TimeOn-siteExperienced · 3 - 5 Yrs of Exp · Accounting/Finance · Analyst/Research · Financial Accounting · Finance · Accounting · Financial · Financial Analysis · Financial Management
21,R&D Methodology Analyst,Al Andalous Pharmaceutical Industries -,"6th of October, Giza, Egypt",Full TimeOn-siteExperienced · 2 - 4 Yrs of Exp · males_only · R&D/Science · Analyst/Research · Pharmaceutical · R&D methodology · Pharmacy · Science · Pharmaceutical · R&amp;D · Research
22,Quality Assurance Analyst,Wills business  -,"Nasr City, Cairo, Egypt",Full TimeOn-siteExperienced · 5 - 12 Yrs of Exp · Human Resources · Quality · Strategy/Consulting · Document Management · Management · Administration · organization · Business Development · Business Process Management · process automation
23,Business Analyst,Digizilla -,"Nasr City, Cairo, Egypt",Full TimeOn-siteExperienced · 1 - 5 Yrs of Exp · Administration · IT/Software Development · Analyst/Research · Business Administration · Communication · Software · business · ERP · Computer Skills · Information Technology (IT)
24,Pharmaceutical Warehouse Analyst,As-Salam International Hospital -,"Maadi, Cairo, Egypt",Full TimeOn-siteExperienced · 3 - 4 Yrs of Exp · Medical/Healthcare · Pharmaceutical · Pharmaceutical Science · Pharmaceutical · Pharmacy · Warehouse · Warehouse Management · Supply
25,Pricing Analyst – Actuarial,Chubb life Insurance -,"Katameya, Cairo, Egypt",Full TimeOn-siteExperienced · 1 - 2 Yrs of Exp · Other · Analyst/Research · Actuarial · Analysis · actuarial science · Mathematics · Statistics · Pricing analysis
26,Business Analyst,Advansys Telecom -,"6th of October, Giza, Egypt",Full TimeOn-siteExperienced · 2 - 4 Yrs of Exp · IT/Software Development · Analytics · Business Analysis · Computer Science · Analysis
27,User Acceptance Testing Analyst,Etisalat Egypt -,"Maadi, Cairo, Egypt",Full TimeOn-siteEntry Level · IT/Software Development · Engineering - Telecom/Technology · Business Analysis · Computer Science · Information Technology (IT) · Software · User Acceptance Testing
28,Data Analyst,Al Ateeq Software -,"Heliopolis, Cairo, Egypt",Full TimeOn-siteExperienced · 5 - 9 Yrs of Exp · IT/Software Development · Analyst/Research · Engineering - Telecom/Technology · Computer Science · Data Analyst · Information Technology (IT) · Analysis · Data
29,Sr. Business Analyst,egabi solutions -,"Sheraton, Cairo, Egypt",Full TimeOn-siteExperienced · 3 - 7 Yrs of Exp · IT/Software Development · Analyst/Research · Engineering - Telecom/Technology · Information Technology (IT) · Computer Science · Project Management · Business Analysis · Business · English · Software
30,Data Analyst Lead / Manager,WUZZUF -,"Maadi, Cairo, Egypt",Full TimeHybridManager · 7 - 15 Yrs of Exp · IT/Software Development · Analyst/Research · Engineering - Telecom/Technology · Analysis · business · Computer Engineering · Computer Science · Data Analysis · Engineering · Microsoft Excel
31,Senior Financial Analyst (Costing or Manufacturing Background),Cairo Three A  for Agricultural and Animal Production -,"New Cairo, Cairo, Egypt",Full TimeOn-siteExperienced · 3 - 5 Yrs of Exp · Accounting/Finance · Analyst/Research · Accounting · Analysis · Data Analysis · Finance · Financial Modeling · Financial Analysis · Manufacturing · Financial Management
32,Digital Marketing Analyst and Optimizer,SNAP14 Productions -,"Maadi, Cairo, Egypt",Full TimeOn-siteExperienced · 1 - 5 Yrs of Exp · IT/Software Development · Marketing/PR/Advertising · Analyst/Research · Digital Marketing · Analysis · Google Analytics · SEO · digital marketing · Analytics · Automation
33,Financial / Investment Analyst,Cairo Three A  for International Industries. -,"New Cairo, Cairo, Egypt",Full TimeOn-siteExperienced · 3 - 5 Yrs of Exp · Accounting/Finance · Banking · Analyst/Research · Accounting · Financial Management · Financial Analysis · Economics
34,Financial Analyst,Happy Vision -,"Mohandessin, Giza, Egypt",Full TimeOn-siteExperienced · 3 - 5 Yrs of Exp · Accounting/Finance · Analyst/Research · Sales/Retail · Accounting · analytical · Analysis · Commerce · Budgeting · ERP · Finance
35,Financial Analyst,Egypt Kuwait Holding -,"Maadi, Cairo, Egypt",Full TimeOn-siteExperienced · 3 - 7 Yrs of Exp · Accounting/Finance · Financial Reporting · Accounting · Commerce · Finance · Financial Analysis · Oracle System · Reporting · Financial Statements · reports
36,Procurement Analyst,Pharco Corporation -,"Ameria, Alexandria, Egypt",Full TimeOn-siteEntry Level · 0 - 3 Yrs of Exp · Purchasing/Procurement · Analysis · Procurement · Purchasing · Communication skills · Supply Chain · Logistics
37,Data Analyst,BraTopia -,"Calgary, Canada",Part TimeRemoteExperienced · 3 - 20 Yrs of Exp · Analyst/Research · analysis · excel · data · analytical · business · Data Analysis · Communication skills · Computer Science
38,Senior Financial Analyst,Confidential -,"Sheikh Zayed, Giza, Egypt",Full TimeOn-siteExperienced · 5 - 12 Yrs of Exp · Accounting/Finance · Banking · Analyst/Research · Finance · Accounting · Credit Analysis · Financial Analysis · Financial Management · Reporting · Economics
39,Business Research Analyst,ICP Credit -,"Heliopolis, Cairo, Egypt",Full TimeOn-siteExperienced · 1 - 3 Yrs of Exp · Other · Business Intelligence · English · Skills · Consulting Services · Business Research Reports
40,Sales Operations Analyst,Arab City Group  -,"Badr City, Cairo, Egypt",Full TimeOn-siteEntry Level · 1 - 3 Yrs of Exp · Analyst/Research · Sales/Retail · Operations · sales Data · sales skills · Sales Target · Support · Sales Operations · Sales
41,Business Development Analyst,COB Solution  -,"Maadi, Cairo, Egypt",Full TimeOn-siteExperienced · 2 - 4 Yrs of Exp · Business Development · Project/Program Management · Analyst/Research · Analysis · business · Business Administration · Business Development · English · Sales Target · Management
42,Business Process Analyst,Cairoscan -,"Mohandessin, Giza, Egypt",Full TimeOn-siteExperienced · 1 - 3 Yrs of Exp · IT/Software Development · Analyst/Research · Engineering - Telecom/Technology · Agile · Analysis · analytical · business · Business Administration · Business Analysis · Computer Science
43,ERP System Analyst.,Xceed Contact Center -,"Maadi, Cairo, Egypt",Full TimeOn-siteEntry Level · 0 - 1 Yrs of Exp · IT/Software Development · Other · Engineering - Other · ERP · Engineering · Computer Science · Software Engineering · System Analysis · Software Development · Software
44,Data Analyst,BTC-Egypt Gold -,"Heliopolis, Cairo, Egypt",Full TimeOn-siteExperienced · 4 - 7 Yrs of Exp · Accounting/Finance · Analyst/Research · Analysis · Analyst · analytical · business · Data · Data Analysis · Data Analyst · Economics
45,Business & Workforce Planning Senior Analyst,Al Hayat Medical Clinics -,"Mokattam, Cairo, Egypt",Full TimeOn-siteExperienced · 3 - 5 Yrs of Exp · Customer Service/Support · Medical/Healthcare · Analyst · Business Analysis · Senior Analyst · workforce · Workforce Planning
46,Accountant / Business Analyst,Road Heroes  -,"Cairo, Egypt",Full TimePart TimeRemoteExperienced · 5 - 10 Yrs of Exp · Accounting/Finance · Administration · Administration · Accounting · Quickbooks · Finance · Financial Analysis · Book Keeping · Reporting · Microsoft Excel
47,Financial Analyst,Ayman Shahin Group -,"Obour City, Cairo, Egypt",Full TimeOn-siteExperienced · 3 - 5 Yrs of Exp · Accounting/Finance · Analyst/Research · Financial Analysis · Analysis · Financial Planning · Financial Modeling · Analyst · analytical · Reporting
48,FP&A Analyst,Elsewedy industries -,"Cairo, Egypt",Full TimeOn-siteExperienced · 5 - 8 Yrs of Exp · Accounting/Finance · Analyst/Research · Financial Analysis · Finance
49,economics and political science researcher (Experienced),الناجح للخدمات والاستشارات التعليمية والطلابية -,"Mokattam, Cairo, Egypt",Full TimeOn-siteExperienced · 2 - 20 Yrs of Exp · Writing/Editorial · Analyst/Research · Education/Teaching · Analyst · Research Education · Teaching · Training · Instructor · Research · Research Analysis
50,Supply Chain Analyst,Eviva -,"New York City, United States",Full TimeRemoteExperienced · 0 - 5 Yrs of Exp · Logistics/Supply Chain · Supply Chain · Supply · Analyst · Purchasing · Procurement · Logistics · chain · Communication · Coordinator
51,Data Analyst (Visualizer),Professional Service - Proserv -,"Cairo, Egypt",Full TimeOn-siteExperienced · 3 - 5 Yrs of Exp · Analyst/Research · Analysis · BI · Computer Science · Data · Data Analysis · Information Technology (IT) · Power BI · SQL · Statistics
52,Sales Analyst,Rashideen Egypt for Trade  -,"Basatin, Cairo, Egypt",Full TimeOn-siteEntry Level · Analyst/Research · Sales/Retail · Sales Analysis · Analysis · Sales · excel · English · Microsoft Office
53,BI Analyst,Safa Soft -,"Cairo, Egypt",Full TimeOn-siteExperienced · 3 - 6 Yrs of Exp · IT/Software Development · Analyst/Research · Engineering - Telecom/Technology · Analysis · analytical · BI · Reporting · Business Intelligence · Computer Science · DAX
54,Senior Data Engineer,Nahdet Misr Publishing Group -,"Mohandessin, Giza, Egypt",Full TimeHybridExperienced · 3 - 6 Yrs of Exp · IT/Software Development · Analyst/Research · AWS · Engineering · Azure · Analysis · Cloud Development · SQL · Data Modeling · nahdet misr ai
55,Data Entry Specialist,Breadfast -,"Cairo, Egypt",Full TimeHybridEntry Level · 1 - 3 Yrs of Exp · Operations/Management · Data Entry · MS Office · Administration · Reporting · Skills · Microsoft Excel · Operations Management
56,Quality Control Analyst,MENA INTEL -,"Nasr City, Cairo, Egypt",Full TimeOn-siteExperienced · 2 - 4 Yrs of Exp · Customer Service/Support · Quality · Analyst/Research · Quality Control · Customer Service · Call Center · Operations Management · Quality Auditing · Quality Assurance · Human Resources
57,Master Data Head,Arma-HSA -,"New Cairo, Cairo, Egypt",Full TimeOn-siteExperienced · 6 - 8 Yrs of Exp · IT/Software Development · Analyst/Research · Computer Science · Data · Data Management · Management · Master Data · SAP · Microsoft Office
58,Senior Financial Planning Analyst,Sky Holding -,"Cairo, Egypt",Full TimeOn-siteExperienced · 3 - 4 Yrs of Exp · Accounting/Finance · Analyst/Research · Accounting · Finance · Analysis · Financial Analysis · Financial Management · Financial Planning · Financial · Planning
59,Financial Analyst,Macro Group -,"Sheraton, Cairo, Egypt",Full TimeOn-siteExperienced · 3 - 5 Yrs of Exp · Accounting/Finance · Analyst/Research · Financial Analysis · Accounting · Analysis · Commerce · Corporate Finance · Financial Forecasting · Forecasting · Financial
60,Business Analyst,Youxel -,"Cairo, Egypt",Full TimeHybridExperienced · 4+ Yrs of Exp · IT/Software Development · Analyst/Research · Engineering - Telecom/Technology · Business Analysis · Information Technology (IT) · Engineering · Software Development · Software · Software Engineering · Computer Science
61,Financial Analyst,Confidential -,"Heliopolis, Cairo, Egypt",Full TimeOn-siteExperienced · 2 - 4 Yrs of Exp · Accounting/Finance · Analyst/Research · Strategy/Consulting · Feasibility · Research · Market Research · Real Estate · Financial
62,Data Entry,Alwadi Holding -,"Mohandessin, Giza, Egypt",Full TimeHybridEntry Level · 1 - 2 Yrs of Exp · Analyst/Research · office · Data · Data Entry · Management · Microsoft Office · MS Office · Typing
63,SME Senior Credit Risk reviewer,Erada -,"Cairo, Egypt",Full TimeOn-siteExperienced · 1 - 3 Yrs of Exp · Other · Credit Risk · Credit Analyst · Credit Reviwer
64,ERP System Analyst,Xceed Contact Center -,"Maadi, Cairo, Egypt",Full TimeOn-siteEntry Level · 0 - 1 Yrs of Exp · IT/Software Development · Other · Engineering - Other · ERP · Engineering · Computer Science · Software Engineering · System Analysis · Software Development · Software
65,Finished Product Analyst,Rameda -,"6th of October, Giza, Egypt",Full TimeOn-siteExperienced · 1 - 3 Yrs of Exp · Manufacturing/Production · Quality · Pharmaceutical · QC · Pharmaceutical · Quality Control · Communication skills · Sciences · Pharmaceutical Sciences · quality
66,Sr. Security - SOC analyst Tier 2,Confidential -,"New Cairo, Cairo, Egypt",Full TimeOn-siteExperienced · 3 - 5 Yrs of Exp · IT/Software Development · Computer Science · Information Technology (IT) · Networking · Network · Security · CISSP · Engineering
67,Senior Business Analyst,Confidential -,"Cairo, Egypt",Full TimeOn-siteExperienced · 6 - 10 Yrs of Exp · IT/Software Development · Business Analysis · Information Technology (IT) · Computer Science · Analysis · Software · Business Development
68,QC Packaging Analyst,Rameda -,"6th of October, Giza, Egypt",Full TimeOn-siteEntry Level · 1 - 3 Yrs of Exp · Manufacturing/Production · Quality · Pharmaceutical · QC · Pharmaceutical · Quality Control · Communication skills · Sciences · Pharmaceutical Sciences · Packaging
69,Tax Accountant,MMA -,"Sheikh Zayed, Giza, Egypt",Full TimeOn-siteExperienced · 3+ Yrs of Exp · Accounting/Finance · Tax · Auditing · tax accountant · Accounting · accountant · Accounting Software · Bookkeeping · Financial Analysis · Management
70,Senior Market Researcher,Etqan Consultancy -,"Cairo, Egypt",Full TimeOn-siteExperienced · 2 - 5 Yrs of Exp · Marketing/PR/Advertising · Analyst/Research · Business Administration · Data Analysis · E-Marketing · English · Market Research · Marketing · Research · Social Media
71,Quality Assurance Supervisor - Call Center,Danat Travels  -,"Nasr City, Cairo, Egypt",Full TimeOn-siteManager · 5 - 10 Yrs of Exp · males_only · Quality · Analysis · Communication · Communication skills · Data · QA · quality · Quality Assurance · Training · Travel
72,CFO,Confidential -,"Cairo, Egypt",Full TimeOn-siteSenior Management · 20+ Yrs of Exp · Accounting/Finance · C-Level Executive/GM/Director · Accounting · CFO · Corporate · Financial Analysis · Financial Management · MS Office · MBA · Risk Management
73,Data Engineer,Safa Soft -,"Maadi, Cairo, Egypt",Full TimeOn-siteExperienced · 3 - 6 Yrs of Exp · IT/Software Development · Analyst/Research · Engineering - Telecom/Technology · Computer Engineering · Computer Science · BI · Data Modeling · Data Science · Engineering · Information Technology (IT)
74,Admin Assistant Sales Manager ( Sap User ),Vision Cosmetics -,"Nasr City, Cairo, Egypt",Full TimeOn-siteExperienced · 2 - 5 Yrs of Exp · Administration · Customer Service/Support · Analyst/Research · Administration · administrative · administrative assistant · Assistant · Office management · Secretary · Admin
75,"Monitoring, Evaluation, and Learning (MEL) Officer",El Sewedy Technical Academy -,"New Cairo, Cairo, Egypt",Full TimeOn-siteEntry Level · 2 - 4 Yrs of Exp · Project/Program Management · Analyst/Research · Analysis · Data Analysis · Management · Monitoring · MEL · Project Management · Research
76,"Tax, Bank and General Accountants",Confidential -,"6th of October, Giza, Egypt",Full TimeOn-siteExperienced · 3 - 7 Yrs of Exp · Accounting/Finance · Accounting · English · ERP · ERP System · Finance · Financial Analysis · Microsoft Office · Taxes · tax accountant
77,Data Maintenance Specialist,Aqarmap.com -,"Alexandria, Egypt",Full TimeShift BasedOn-siteEntry Level · 1 - 2 Yrs of Exp · Operations/Management · Analyst/Research · Data · Research · Maintenance · troubleshoot · Solutions
78,Tax Accountant,Sea Port for Trading and Engineering -,"New Cairo, Cairo, Egypt",Full TimeOn-siteExperienced · 3 - 5 Yrs of Exp · males_only · Accounting/Finance · Banking · accountant · Accounting · Bookkeeping · excel · Finance · Tax · tax accountant · Tax Analyst
79,Taxes Accountant,friends' construction development -,"Maadi, Cairo, Egypt",Full TimeOn-siteExperienced · 7 - 10 Yrs of Exp · Accounting/Finance · Accounting · Financial Analysis · Finance · Taxes · Tax · Tax Analyst · accountant · tax accountant
80,Data Allocation Specialist / Data Entry,Selah ElTelmeez For Publishing & printing -,"Obour City, Cairo, Egypt",Full TimeOn-siteEntry Level · 0 - 1 Yrs of Exp · Administration · Analyst/Research · Writing · Editing · Typing · Data Entry · Microsoft Office · Administration · Typing Skills · English
81,Data Entry Clerk,Confidential -,"6th of October, Giza, Egypt",Full TimeOn-siteEntry Level · 0 - 6 Yrs of Exp · Marketing/PR/Advertising · Analyst/Research · Sales/Retail · Data Entry · Microsoft Office · amazon · noon · Administration · Customer Service · Data
82,Cost Accountant,SERA Group -,"Obour City, Cairo, Egypt",Full TimeOn-siteExperienced · 1 - 2 Yrs of Exp · Accounting/Finance · Cost · Cost Accountant · Cost Accounting · excel · Accounting · analytical · Cost Analyst · MS · Financial Analysis
83,Senior Data Integration Engineer,Professional Service - Proserv -,"Cairo, Egypt",Full TimeOn-siteExperienced · 3+ Yrs of Exp · IT/Software Development · Analyst/Research · Engineering - Telecom/Technology · Computer Science · Data Integration · Data Modeling · Data Warehouse · Database · ETL · Information Technology (IT)
84,Market Researcher Internship,Sphere Smart Solutions -,"Maadi, Cairo, Egypt",InternshipHybridStudent · 0 - 1 Yrs of Exp · Marketing/PR/Advertising · Project/Program Management · Analyst/Research · Marketing · Market Research · English · Research · Writing · Communication · Analysis
85,Senior Data Engineer,Erada -,"Maadi, Cairo, Egypt",Full TimeOn-siteExperienced · 2 - 3 Yrs of Exp · IT/Software Development · Engineering - Telecom/Technology · Engineering - Mechanical/Electrical · Engineering · Computer Science · Information Technology (IT) · Software Development
86,Master Data Section Head,Royal Cement -,"Nasr City, Cairo, Egypt",Full TimeOn-siteSenior Management · 6 - 10 Yrs of Exp · Business Development · Analyst/Research · Master Data · Management · Supply Chain · Information Systems · Business Administration
87,Quality Assurance Supervisor,GLC Paints -,"Obour City, Cairo, Egypt",Full TimeOn-siteExperienced · 7 - 10 Yrs of Exp · Quality · Analyst/Research · Analysis · analytical · Communication · Communication skills · Data · QA · quality · Quality Assurance
88,Senior Cost accountant,Confidential -,"Mohandessin, Giza, Egypt",Full TimeOn-siteExperienced · 5 - 7 Yrs of Exp · Accounting/Finance · Hospitality/Hotels/Food Services · accountant · Accounting · Cost Accountant · ERP System · Cost · Financial Analysis · Financial Management · Finance
89,Senior Full stack Developer (.Net Core & Angular),BI-Technologies -,"New Cairo, Cairo, Egypt",Full TimeHybridExperienced · 3 - 6 Yrs of Exp · IT/Software Development · ASP.NET · Software Development · .NET · Information Technology (IT) · Full Stack · Computer Science · Computer Engineering · Database Design · Data Modeling
90,Financial Planning And Analysis Team Leader,Square Engineering Firm -,"Madinaty, Cairo, Egypt",Full TimeOn-siteExperienced · 7 - 10 Yrs of Exp · Accounting/Finance · Analyst/Research · Analysis · CFA · Financial · Financial Analysis · Financial Planning
91,Feasibility studies and financial analysis specialist,Creative Motion -,"Maadi, Cairo, Egypt",Full TimeOn-siteExperienced · 5 - 10 Yrs of Exp · Analyst/Research · Accounting · Analysis · analytical · CFA · Commerce · Communication skills · CPA · Economics · Finance
92,Cost Accountant,Confidential -,"New Cairo, Cairo, Egypt",Full TimeOn-siteExperienced · 3 - 5 Yrs of Exp · Accounting/Finance · Logistics/Supply Chain · Analyst/Research · accountant · Accounting · Accounting Software · analytical · Cost · Cost Accountant · Cost Accounting
93,Cost Accountant,International Food & Consumable Goods - Egypt S.A.E -,"6th of October, Giza, Egypt",Full TimeOn-siteExperienced · 4 - 6 Yrs of Exp · males_only · Accounting/Finance · Analyst/Research · FMCG · Cost Accounting · Finance · ERP · Cost Control · Cost · Project Cost Control · Cost Management
94,Senior Microsoft SQL Server DBA,Al Ahly capital holding - Al Ahly Tamkeen -,"Maadi, Cairo, Egypt",Full TimeOn-siteExperienced · 5 - 10 Yrs of Exp · IT/Software Development · database administration · MS SQL · SQL Server · SSIS · T-SQL · SQL · Computer Science · Database · Development
95,BI & Marketplace Manager,Aqarmap.com -,"Nasr City, Cairo, Egypt",Full TimeOn-siteManager · 3 - 5 Yrs of Exp · Business Development · Operations/Management · Marketing/PR/Advertising · Analysis · business · Business Analysis · Information Technology (IT) · Marketplace · SQL · Computer Science
96,Cost Accountant,Growxcel -,"Cairo, Egypt",Full TimeHybridExperienced · 3 - 5 Yrs of Exp · males_preferred · Accounting/Finance · Cost Accounting · Accounting · accountant · Accounting Software · analytical · Cost Accountant · Cost · excel · Finance
97,senior Product Owner,Nahdet Misr Publishing Group -,"Mohandessin, Giza, Egypt",Full TimeHybridExperienced · 3 - 5 Yrs of Exp · IT/Software Development · Media/Journalism/Publishing · Engineering - Telecom/Technology · Analysis · Business Analysis · Product Development · Product Management · Product · business · Development
98,Senior Fraud Risk Officer,Confidential -,"6th of October, Giza, Egypt",Full TimeOn-siteExperienced · 3 - 6 Yrs of Exp · Banking · Business Development · Analyst/Research · Management · Financial Analysis · Risk Management · Communication skills · Finance · Microsoft Office · Time Management
99,Internal Auditor,Halwani Bros -,"Cairo, Egypt",Full TimeOn-siteEntry Level · 1 - 3 Yrs of Exp · Accounting/Finance · Analyst/Research · Accounting · Administration · Audit · Audit Firm · Auditing · Finance · Financial Analysis · Internal audit
100,Industrial Cost Accountant,Al-Fayomi -,"10th of Ramadan City, Sharqia, Egypt",Full TimeOn-siteExperienced · 3 - 7 Yrs of Exp · Accounting/Finance · Cost Accountant · Cost · Cost Accounting · Financial Analysis · Finance · GAAP · analytical · Accounting Software · Accounting
101,Full stack Senior .net core Angular Developer,Syscodeia -,"New Cairo, Cairo, Egypt",Full TimeOn-siteExperienced · 5 - 15 Yrs of Exp · IT/Software Development · Agile · Computer Science · core · Angular · CSS · Github · Microservices · Information Technology (IT) · JavaScript
102,Senior Full Stack ASP.NET Developer - Part Time,OrobaSoft -,"Cairo, Egypt",Part TimeRemoteExperienced · 4 - 5 Yrs of Exp · males_only · IT/Software Development · Engineering - Telecom/Technology · Full Stack · Software Development · Microservice Architecture · ASP.NET Core · JavaScript · Front-End Development · HTML · CSS
103,Senior Full Stack ASP.NET Developer,OrobaSoft -,"Cairo, Egypt",Full TimeRemoteExperienced · 4 - 5 Yrs of Exp · males_only · IT/Software Development · Engineering - Telecom/Technology · Full Stack · Software Development · Microservice Architecture · ASP.NET Core · JavaScript · Front-End Development · HTML · CSS
104,Bioinformatician (Proteomics & Drug design),HITS Solutions -,"Nasr City, Cairo, Egypt",Part TimeFreelance / ProjectOn-siteExperienced · 2 - 7 Yrs of Exp · R&D/Science · Analyst/Research · Research Analysis · Computer Science · Drug Development · Drug Design · Proteomics · Biotechnology · Documentation
105,Senior Cost Accountant,GB Corp -,"Obour City, Cairo, Egypt",Full TimeOn-siteExperienced · 3 - 5 Yrs of Exp · Accounting/Finance · Cost Accountant · Financial Analysis · Cost · Oracle
106,Oracle APEX Developer,Union Group -,"Obour City, Cairo, Egypt",Full TimeOn-siteExperienced · 2 - 5 Yrs of Exp · IT/Software Development · Engineering - Telecom/Technology · Computer Engineering · Computer Science · CSS · Engineering · HTML · Information Technology (IT) · Java · JavaScript
107,Senior Environmental Specialist,Alex Apparels for Garment Manufacturing -,"Ameria, Alexandria, Egypt","Full TimeOn-siteExperienced · 3 - 5 Yrs of Exp · Analyst/Research · Engineering - Other · Analysis · Health, Safety and Environment · Chemical Analysis"
108,Senior Dot Net Developer,Digital Crafts Consulting -,"Cairo, Egypt",Full TimeHybridExperienced · 5 - 10 Yrs of Exp · IT/Software Development · .Net · Software Development · SQL · APIs
109,Senior Cost Accountant,Al Hayat Medical Clinics -,"Mokattam, Cairo, Egypt",Full TimeOn-siteExperienced · 4 - 6 Yrs of Exp · Accounting/Finance · Cost · Cost Accountant
110,Senior Cost Accountant and Stock Controller - Agricultural Company,Confidential -,"Mohandessin, Giza, Egypt",Full TimeOn-siteExperienced · 5 - 15 Yrs of Exp · Accounting/Finance · Cost Control · accountant · Accounting · Accounting Software · analytical · Cost · Cost Accountant · Finance · Financial Analysis
111,Senior Full Stack Developer,Biddex  -,"Heliopolis, Cairo, Egypt",Full TimeOn-siteExperienced · 4 - 8 Yrs of Exp · IT/Software Development · Engineering - Telecom/Technology · Information Technology (IT) · Agile · Software Development · React
112,Operation Director,Biddex  -,"Cairo, Egypt",Full TimeOn-siteSenior Management · 7 - 12 Yrs of Exp · Operations/Management · Sales/Retail · Management · Operations · Business Administration · Administration · business
113,Head of Research and Development,Magnet  -,"Downtown, Cairo, Egypt",Full TimeOn-siteSenior Management · 8 - 12 Yrs of Exp · Manufacturing/Production · Analyst/Research · Research · Production · Agriculture · Food Production · seeds
114,Senior media buyer (Real Estate),AFFSQUARE -,"Sheraton, Cairo, Egypt",Full TimeOn-siteExperienced · 5 - 7 Yrs of Exp · Marketing/PR/Advertising · Analyst/Research · Media/Journalism/Publishing · Media Buyer · Facebook ads · Facebook Advertising · Google Ads · Google Analytics · Digital Advertising · Digital Marketing
115,Full Stack Developer,Confidential -,"Maadi, Cairo, Egypt",Full TimeRemoteExperienced · 2 - 5 Yrs of Exp · IT/Software Development · Engineering - Telecom/Technology · Angular · Full Stack · Java · MySQL · Computer Science · Information Technology (IT) · React · jQuery
116,Reporting Accountant,Elabd Foods -,"Abu Rawash, Giza, Egypt",Full TimeOn-siteExperienced · 2 - 3 Yrs of Exp · males_only · Accounting/Finance · Analyst/Research · Analysis · Accounting · Finance · Financial Analysis · Reporting
117,Deputy Financial Manager,MY WAY -,"Obour City, Cairo, Egypt",Full TimeOn-siteManager · 10+ Yrs of Exp · Accounting/Finance · Accounting · ERP · Finance · Financial · Financial Analysis · Financial Management · Cost Accounting · Manufacturing
118,Cost Accountant,Delta Masr Group -,"Haram, Giza, Egypt",Full TimeOn-siteExperienced · 3 - 5 Yrs of Exp · Manufacturing/Production · Cost Accountant · Cost Accounting
119,Internal Auditor,Monglish Academy -,"Alexandria, Egypt",Full TimeOn-siteExperienced · 5 - 7 Yrs of Exp · Accounting/Finance · Quality · Analyst/Research · Accounting · Accounting Software · analytical · Auditing · Auditing standards · auditor · Finance
120,Machine Learning Lead,WUZZUF -,"Maadi, Cairo, Egypt",Full TimeHybridManager · 7 - 10 Yrs of Exp · IT/Software Development · Analyst/Research · Engineering - Telecom/Technology · Algorithms · Communication · Communication skills · Computer Science · Elasticsearch · Information Technology (IT) · learning
121,Senior Full Stack Developer (.Net Core - MVC),Dynamicslink -,"Nasr City, Cairo, Egypt",Full TimeOn-siteExperienced · 4 - 7 Yrs of Exp · IT/Software Development · Engineering - Telecom/Technology · ASP.Net · Computer Science · CSS · Information Technology (IT) · JavaScript · jQuery · Software Development · Programming
122,Foreign Purchasing Specialist,packtec -,"6th of October, Giza, Egypt",Full TimeOn-siteExperienced · 2 - 5 Yrs of Exp · Manufacturing/Production · Purchasing/Procurement · Purchasing · Procurement · Supply Chain · Research
123,Analytical Chemist,"ELVAN Knitting, Dyeing and finishing S.A.E -","Bourj Alarab, Alexandria, Egypt",Full TimeOn-siteEntry Level · 1 - 3 Yrs of Exp · males_only · R&D/Science · Analyst/Research · Chemistry · Chemist · Science · Lab Analysis · ICP-MS · GC-MS · HP-DAD · Lab
124,Senior Demand and Supply Planner,Bouri Group -,"New Cairo, Cairo, Egypt",Full TimeOn-siteExperienced · 5 - 7 Yrs of Exp · Logistics/Supply Chain · Analyst/Research · Purchasing/Procurement · demand · excel · inventory · Inventory Management · Manufacturing · Planning · Supply Chain
125,Full Stack Software Developer,RITEC -,"Maadi, Cairo, Egypt",Full TimeHybridExperienced · 3 - 6 Yrs of Exp · IT/Software Development · Engineering - Telecom/Technology · Software Development · ISO 9001 · Visual Studio Code IDE · SQL · Oracle · ASP.NET · VB.Net · C#
126,Amazon Account Specialist,Confidential -,"Manial, Cairo, Egypt",Full TimeFreelance / ProjectHybridExperienced · 5 - 8 Yrs of Exp · Logistics/Supply Chain · Marketing/PR/Advertising · Analyst/Research · E-Commerce · Amazon · Marketing · sales skills · Customer Support · Advertising · business
127,Cost Accountant,Naguib Selim -,"Nasr City, Cairo, Egypt",Full TimeOn-siteExperienced · 1 - 3 Yrs of Exp · males_only · Accounting/Finance · Accounting · accountant · Cost · Cost Accountant · Finance
128,Trade Market Research Specialist,Al-Amal Al-sharif For Plastic -,"10th of Ramadan City, Cairo, Egypt",Full TimeOn-siteExperienced · 1 - 3 Yrs of Exp · Marketing/PR/Advertising · Analyst/Research · Market Analysis · Market Research · Marketing · Analysis · Research · Trade marketing · Marketing Research
129,FP&A Associate,Leverage -,"Maadi, Cairo, Egypt",Full TimeHybridExperienced · 0 - 3 Yrs of Exp · Accounting/Finance · Analyst/Research · Analysis · Financial Planning · Financial Analysis
130,Research Specialist,Nano Shield -,"Maadi, Cairo, Egypt",Full TimeOn-siteEntry Level · 1 - 4 Yrs of Exp · R&D/Science · Analyst/Research · Biotechnology · Chemistry · Research · Scientific Research
131,Senior BI developer,Exco Egypt -,"Nasr City, Cairo, Egypt",Full TimeHybridExperienced · 5 - 10 Yrs of Exp · IT/Software Development · BI · Analysis · Computer Science · Data Analysis · Information Technology (IT) · Software Engineering
132,WFM Supervisor,Enable -,"6th of October, Giza, Egypt",Full TimeOn-siteExperienced · 4 - 6 Yrs of Exp · Customer Service/Support · Operations/Management · Analyst/Research · Analysis · Customer Service · Customer Support · Wfm · COPC
133,SEO Specialist,Petra Mechatronics  -,"Nasr City, Cairo, Egypt",Full TimeHybridExperienced · 3+ Yrs of Exp · Marketing/PR/Advertising · Digital Marketing · digital marketing · Google Analytics · Search Engine · SEO · WordPress · E-Marketing · Marketing
134,Value-based Healthcare Analytics Specialist,MEAHCO - Saudi German Health -,"Maadi, Cairo, Egypt",Full TimeOn-siteExperienced · 2 - 5 Yrs of Exp · Analyst/Research · Analysis · Value Based
135,ERP Technical Support,TAB ERP Solutions -,"New Cairo, Cairo, Egypt",Full TimeHybridExperienced · 4 - 10 Yrs of Exp · Customer Service/Support · IT/Software Development · Accounting · SQL · Technical Support · Customer · ERP · Customer Service · Analysis · Computer Science
136,R&D and Product Portfolio Manager,Petra Mechatronics  -,"Nasr City, Cairo, Egypt",Full TimeHybridManager · 4+ Yrs of Exp · R&D/Science · Analyst/Research · Engineering - Other · R&D · Engineering
137,Warehouse Supervisor,Confidential -,"Ameria, Alexandria, Egypt",Full TimeOn-siteExperienced · 3 - 5 Yrs of Exp · Logistics/Supply Chain · Operations/Management · MS Office · ERP System · Warehouse Operations · Supply Chain
138,Receivables Accountant,Rehana Group -,"Qanater Khairya, Qalubia, Egypt",Full TimeOn-siteExperienced · 3 - 5 Yrs of Exp · Accounting/Finance · Analyst/Research · Accounting principles · Accounts Receivable · Finance · Accounting Software
139,Category Section Head (Home Appliances),Alarabia Group -,"10th of Ramadan City, Cairo, Egypt",Full TimeOn-siteManager · 7+ Yrs of Exp · Analyst/Research · Sales/Retail · Purchasing/Procurement · Marketing · Home appliances · Retail Sales · Procurement · Product Management · Pricing · Promotional Activities
140,Cost Accountant,Shawerma and sauce -,"Jeddah, Saudi Arabia",Full TimeOn-siteManager · 1 - 6 Yrs of Exp · Hospitality/Hotels/Food Services · Accounting · Accounting Software · Cost Accounting · Cost Accountant · excel · Finance · Financial Analysis
141,ERPNext Developer,Confidential -,"Maadi, Cairo, Egypt",Full TimeOn-siteExperienced · 2 - 6 Yrs of Exp · IT/Software Development · APIs · erpnext · Python · HTML · CSS · JavaScript · Web · Computer Science
142,Application Support Specialist,Al Ahly Medical Company -,"Giza, Giza, Egypt",Full TimeOn-siteEntry Level · 1 - 2 Yrs of Exp · Customer Service/Support · IT/Software Development · Engineering - Telecom/Technology · computer · Customer Service · Customer Support · Customer Care · business · Information Technology (IT) · ITIL
143,CRM and Marketing Automation Expert,Confidential -,"Cairo, Egypt",Full TimePart TimeShift BasedRemoteExperienced · 6+ Yrs of Exp · Marketing/PR/Advertising · Analyst/Research · Market Analysis · Linkedin · Automation Engineering · Lead Generation Automation Specialist · Sales Navigator Expert · Analysis · Automation · CRM
144,Cost Accountant,Orouba Misr -,"Alexandria, Egypt",Full TimeOn-siteExperienced · 3 - 5 Yrs of Exp · Accounting/Finance · Accounting · Accounting Software · Financial Analysis · General Ledger · Financial Management · GAAP · CPA · CMA · Finance
145,Financial Planning and Analysis Manager,Samcrete Engineers & contractors -,"Giza, Egypt",Full TimeOn-siteManager · 7 - 15 Yrs of Exp · Accounting/Finance · Analyst/Research · Financial Analysis · Financial Planning · Financial · Finance · Financial Management · Planning · Oracle · SAP
146,Technical Writer,Tamweely -,"Boulaq, Cairo, Egypt",Full TimeOn-siteEntry Level · 1 - 3 Yrs of Exp · Writing/Editorial · IT/Software Development · Information Technology (IT) · Software Development · Technical Writing · Technology · Computer Science
147,Full Stack Developer,Confidential -,"Riyadh, Saudi Arabia",Full TimeOn-siteExperienced · 3 - 5 Yrs of Exp · IT/Software Development · Engineering - Telecom/Technology · Full Stack Developer · developer · Computer Science · JavaScript · Information Technology (IT) · Full Stack · Angular · CSS
148,Sr. Quality Assurance- Customer Experience - Six Sigma,Confidential -,"Mohandessin, Giza, Egypt",Full TimeHybridExperienced · 4 - 7 Yrs of Exp · Customer Service/Support · Quality · Analyst/Research · Customer Care · Customer Experience · Customer Service · Customer Support · Experience · Management · ISO
149,Marketing Team Leader,LAMA Medical -,"Maadi, Cairo, Egypt",Full TimeOn-siteManager · 5 - 8 Yrs of Exp · Marketing/PR/Advertising · Analyst/Research · Media/Journalism/Publishing · Communication · Communication skills · Leadership · Management · Marketing · Social Media · media
150,"Senior Full Stack Developer (.NET core , Angular 8+) Onsite",Confidential -,"Nasr City, Cairo, Egypt",Full TimeOn-siteExperienced · 5+ Yrs of Exp · IT/Software Development · Engineering - Telecom/Technology · Information Technology (IT) · Software Development · Software Engineering · OOP · ASP.NET · C#.Net · ADO.NET · SQL
151,Talent Acquisition Specialist,Data Science -,"Hadayek October, Giza, Egypt",Full TimeHybridEntry Level · 1 - 3 Yrs of Exp · Business Development · IT/Software Development · Analyst/Research · Human Resources (HR) · Applicant Tracking Systems · Business Administration · HR · Human Resources · Recruitment · Talent acquisition
152,financial internal auditor,ICONIC FMCG  -,"New Cairo, Cairo, Egypt",Full TimeOn-siteExperienced · 2 - 3 Yrs of Exp · Accounting/Finance · Analyst/Research · Financial · Accounting · analytical · Financial Auditing
153,Cost Control & Planning Engineer,Ayoun Masr Co For Tourism Development -,"New Cairo, Cairo, Egypt",Full TimeOn-siteExperienced · 3 - 5 Yrs of Exp · Engineering - Construction/Civil/Architecture · Civil Engineering · Civil · Engineering · Primavera · Planning · Site · Cost Control · Contractor · Planning Engineering
154,Functional Consultant CRM,Cubic Information Systems -,"New Cairo, Cairo, Egypt",Full TimeOn-siteExperienced · 2 - 4 Yrs of Exp · IT/Software Development · Engineering - Telecom/Technology · CRM · Customer Service · Dynamics 365 · Functional · Functional consultant · Information Technology (IT) · Sales · SQL
155,Full Stack Developer,Tadafuq Information Technology -,"Nasr City, Cairo, Egypt",Full TimeOn-siteExperienced · 3 - 5 Yrs of Exp · IT/Software Development · Marketing/PR/Advertising · Full Stack · Angular · Computer Science · CSS · HTML · Information Technology (IT) · JavaScript · jQuery
156,Senior Market Research Executive,InsuTech  -,"New Cairo, Cairo, Egypt",Full TimeOn-siteExperienced · 3 - 7 Yrs of Exp · Marketing/PR/Advertising · Analyst/Research · Market Research · Analysis · Communication · Statistics · Marketing · Research · E-Marketing · Presentation Skills
157,Cost Accountant,Confidential -,"Qalubia, Egypt",Full TimeOn-siteExperienced · 7 - 8 Yrs of Exp · Accounting/Finance · Accounting · Accounting Software · Cost Accountant · Finance · accountant · GAAP
158,Tax Accountant,Rashideen Egypt for Trade  -,"Katameya, Cairo, Egypt",Full TimeOn-siteExperienced · 1 - 3 Yrs of Exp · Accounting/Finance · accountant · Accounting · Tax · tax accountant
159,Business Market Researcher,MENA INTEL -,"Nasr City, Cairo, Egypt",Full TimeOn-siteExperienced · 1 - 3 Yrs of Exp · Customer Service/Support · Analyst/Research · Sales/Retail · Communication skills · Telesales · Social Media · Market Research · Research Analysis · Customer Support · Call Center
160,Java Technical Lead,Egabi FSI -,"Sheraton, Cairo, Egypt",Full TimeOn-siteManager · 10+ Yrs of Exp · IT/Software Development · Engineering - Telecom/Technology · Information Technology (IT) · Java · OOP · Computer Science · Development · Spring Boot · spring Framework · SOAP
161,Project Coordinator,MENA INTEL -,"Nasr City, Cairo, Egypt",Full TimeOn-siteExperienced · 1 - 3 Yrs of Exp · Customer Service/Support · Operations/Management · Analyst/Research · Administration · Project · Communication skills · Project Management · Research · Customer Service · Sales
162,Cost Control,Aswaq -,"Shorouk City, Cairo, Egypt",Full TimeOn-siteExperienced · 5+ Yrs of Exp · Engineering - Construction/Civil/Architecture · Cost Control · Cost
163,Cost accountant,Roots & Rituals  -,"New Cairo, Cairo, Egypt",Full TimeOn-siteExperienced · 5+ Yrs of Exp · Accounting/Finance · Analyst/Research · Cost Accountant · Hospitality · Cost · Cost Accounting · excel · Financial Analysis · analytical · Accounting
164,Solution Architect,"Telecom Systems Provider, LLC -","Riyadh, Saudi Arabia",Full TimeOn-siteSenior Management · 10+ Yrs of Exp · Customer Service/Support · IT/Software Development · Engineering - Telecom/Technology · Architecture · Banking · computer · Cloud · Computer Engineering · Computer Science · Engineering
165,Senior Full Stack ASP.NET Developer (Omani only),OrobaSoft -,"Muscat, Oman",Full TimeOn-siteExperienced · 4 - 5 Yrs of Exp · males_only · IT/Software Development · Engineering - Telecom/Technology · Full Stack · Software Development · Microservice Architecture · ASP.NET Core · JavaScript · Front-End Development · HTML · CSS
166,Odoo Developer,Global Brands -,"New Cairo, Cairo, Egypt",Full TimeHybridExperienced · 3+ Yrs of Exp · IT/Software Development · Agile · Python · Software Development · Computer Science · Information Technology (IT) · Odoo · Linux · PostgreSQL · XML
167,Senior React Native Developer,Our Education -,"Nasr City, Cairo, Egypt",Full TimeOn-siteExperienced · 2 - 4 Yrs of Exp · Creative/Design/Art · IT/Software Development · Engineering - Telecom/Technology · Information Technology (IT) · Software Development · javaScript · React Native · Android · React · Computer Science
168,Tax Accountant,Jadara developments and investment  -,"Obour City, Cairo, Egypt",Full TimeOn-siteExperienced · 2 - 3 Yrs of Exp · males_only · Accounting/Finance · accountant · Accounting
169,Document & Content Management Section Head,GB Corp -,"6th of October, Giza, Egypt",Full TimeOn-siteManager · 5 - 10 Yrs of Exp · Operations/Management · Project/Program Management · Analyst/Research · Document Control · Content Management
170,Growth Product Manager,WUZZUF -,"Maadi, Cairo, Egypt",Full TimeHybridExperienced · 3 - 6 Yrs of Exp · IT/Software Development · Marketing/PR/Advertising · Analyst/Research · Information Technology (IT) · Product · Product Development · Product Management · Sales · Marketing · Agile
171,Senior Full Stack Web Developer. Net,Confidential -,"6th of October, Giza, Egypt",Full TimeOn-siteExperienced · 2 - 4 Yrs of Exp · IT/Software Development · Engineering - Telecom/Technology · Computer Science · Dynamics · Information Technology (IT) · Engineering · JavaScript · HTML · Microsoft · Software Development
172,Risk Assistant Manager,A.T Lease Egypt -,"Sheikh Zayed, Giza, Egypt",Full TimeOn-siteExperienced · 5 - 7 Yrs of Exp · Analyst/Research · Risk Management · Credit Risk
173,Odoo Developer,Dimofinf Operations Center -,"Nasr City, Cairo, Egypt",Full TimeOn-siteExperienced · 3 - 6 Yrs of Exp · Accounting/Finance · IT/Software Development · Engineering - Telecom/Technology · Computer Science · Information Technology (IT) · developer · Odoo Developer · Odoo · Python · Odoo Development
